{
    "HEAD": [
        {
            "direction": "LL",
            "indexFrame": 3,
            "x": 875,
            "y": 25
        }
    ],
    "BODY": [
        {
            "direction": "LL",
            "indexFrame": 3,
            "x": 900,
            "y": 25
        },
        {
            "direction": "LL",
            "indexFrame": 5,
            "x": 925,
            "y": 25
        }
    ],
    "TAIL": [
        {
            "direction": "LL",
            "indexFrame": 6,
            "x": 950,
            "y": 25
        }
    ],
    "score": 40,
    "currentDirection": null,
    "previousDirection": "LL"
}